opentag;tag;closetag
;DEM;
;DET;
;N;
;V;
;PRON;
;N;
;PRON;
;P;
;N;
;P;
;PRON;
(;REL;
;V;)
;PN;
;CONJ;
;V;
;N;
;PRON;
;N;
;REM;
;V;
;PRON;
((;PN;)
;N;
(;PN;))
;DET;
;N;
;CONJ;
;V;
;PRON;
;PRON;
;P;
;N;
;DET;
;N;
;REM;
;COND;
;V;
;PN;
;NEG;
;V;
((;REL;)
;P;
;N;
;PRON;)
;P;
;N;
;REL;
;V;
;PRON;
;DET;
;N;
;SUP;
;AMD;
;V;
;PRON;
;REM;
;P;
;PRON;
(;REL;
;V;)
;CONJ;
;P;
;PRON;
(;REL;
;V;)
;REM;
;COND;
;V;
;PN;
;NEG;
;V;
;PRON;
;REM;
;ACC;
;PN;
;V;
;REL;
;V;
;VOC;
;N;
((;REL;)
;V;
;PRON;)
;V;
;PRON;
;P;
;REL;
;V;
;PRON;
;PRON;
;P;
;N;
;SUB;
;V;
;N;
;NEG;
;N;
;P;
;PRON;
;CONJ;
;NEG;
;N;
;CONJ;
;NEG;
;N;
;REM;
;DET;
((;N;)
;PRON;)
;DET;
(;N;)
;PN;
;NEG;
;N;
;EXP;
;PRON;
;DET;
;N;
;DET;
;ADJ;
;NEG;
;V;
;PRON;
;N;
;CONJ;
;NEG;
;N;
;P;
;PRON;
;REL;
;P;
;DET;
;N;
;CONJ;
;REL;
;P;
;DET;
;N;
;INTG;
;DEM;
;REL;
;V;
;LOC;
;PRON;
;EXP;
;P;
;N;
;PRON;
;V;
;REL;
;LOC;
;N;
;PRON;
;CONJ;
;REL;
;LOC;
;PRON;
;CONJ;
;NEG;
;V;
;PRON;
;P;
;N;
;P;
;N;
;PRON;
;RES;
;P;
;REL;
;V;
;V;
;N;
;PRON;
;DET;
;N;
;CONJ;
;DET;
;N;
;REM;
;NEG;
;V;
;PRON;
;N;
;PRON;
;REM;
;PRON;
;DET;
;N;
;DET;
;ADJ;
;NEG;
;N;
;P;
;DET;
;N;
;CERT;
;V;
;DET;
;N;
;P;
;DET;
;N;
;REM;
((((;COND;
;V;)
;P;
;DET;
;N;)
;CONJ;
;V;)
;P;
;PN;)
;RSLT;
;CERT;
;V;
;P;
;DET;
;N;
;DET;
;ADJ;
;NEG;
;N;
;P;
;PRON;
;REM;
;PN;
;N;
;ADJ;
;PN;
;N;
((;REL;)
;V;
;PRON;)
;V;
;PRON;
;P;
;DET;
;N;
;P;
;DET;
;N;
;REM;
((;REL;)
;V;
;PRON;)
;N;
;PRON;
;DET;
;N;
;V;
;PRON;
;PRON;
;P;
;DET;
;N;
;P;
;DET;
;N;
;DEM;
;N;
;DET;
;N;
;PRON;
;P;
;PRON;
;N;
;INTG;
;NEG;
;V;
;P;
(((;REL;)
;V;)
(;PN;))
;P;
;N;
;PRON;
;SUB;
;V;
;PRON;
;PN;
;DET;
;N;
;T;
;V;
(;PN;)
;N;
;PRON;
;REL;
;V;
;CONJ;
;V;
;V;
;PRON;
;V;
;CONJ;
;V;
;V;
(;PN;)
;SUP;
;ACC;
;PN;
;V;
;P;
;DET;
;N;
;P;
;DET;
;N;
;REM;
;V;
;P;
;PRON;
;P;
;DET;
;N;
;REM;
;V;
((;REL;)
;V;)
;REM;
;PN;
;NEG;
;V;
;DET;
((;N;)
;DET;
(;ADJ;))
;CONJ;
;P;
(;REL;
;V;
;P;
;N;)
;CIRC;
;PRON;
;N;
;P;
;N;
;PRON;
;V;
;INTG;
;V;
;DEM;
;PN;
;T;
;N;
;PRON;
;CONJ;
;V;
;PRON;
;PN;
;N;
;N;
;CONJ;
;V;
;PRON;
;V;
;INTG;
;V;
;PRON;
;V;
;V;
;PRON;
;N;
;CONJ;
;N;
;N;
;V;
;RET;
;V;
;PRON;
;N;
;N;
;REM;
;V;
;P;
;N;
;PRON;
;CONJ;
;N;
;PRON;
;NEG;
;V;
;CONJ;
;V;
;P;
;N;
;PRON;
;REM;
;PRP;
;V;
;PRON;
;N;
;P;
;DET;
(;N;)
;CONJ;
;V;
;P;
;DET;
;N;
;INTG;
;V;
;PRON;
;CONJ;
;V;
;PRON;
;N;
;REM;
;T;
;V;
;P;
;PRON;
;V;
;V;
;ACC;
;PN;
;P;
;N;
;N;
;N;
;REM;
;T;
;V;
(;PN;)
;N;
;PRON;
;V;
;PRON;
;INTG;
;V;
;DET;
(;N;)
;V;
;INTG;
;SUP;
;NEG;
;V;
;V;
;ANS;
;REM;
;AMD;
;PRP;
;V;
;N;
;PRON;
;V;
;REM;
;V;
;N;
;P;
;DET;
;N;
;CONJ;
;V;
;PRON;
;P;
;PRON;
;CONJ;
;V;
;P;
;N;
;N;
;P;
;PRON;
;N;
;CONJ;
;V;
;PRON;
;V;
;PRON;
;PRON;
;N;
;CONJ;
;V;
;ACC;
;PN;
;N;
;ADJ;
;N;
((;REL;
;V;
;PRON;
;N;
;PRON;)
;P;
;N;
;PN;)
;P;
;N;
;N;
;V;
;N;
;N;
;P;
;N;
;N;
;N;
;N;
;REM;
;PN;
;V;
;P;
(;REL;
;V;)
;REM;
;PN;
;N;
;ADJ;
(((;REL;)
;V;
;PRON;
;N;
;PRON;)
;P;
;N;
;PN;)
;CONJ;
;NEG;
;V;
;PRON;
;REL;
;V;
;PRON;
;N;
;CONJ;
;NEG;
;N;
;P;
;PRON;
;N;
;PRON;
;LOC;
;N;
;PRON;
;CONJ;
;NEG;
;N;
;P;
;PRON;
;CONJ;
;NEG;
;PRON;
;V;
;PRON;
;N;
;ADJ;
;CONJ;
;N;
;N;
;P;
;N;
;V;
;PRON;
;N;
;REM;
;PN;
;N;
;ADJ;
;VOC;
;N;
((;REL;)
;V;
;PRON;)
;PRO;
;V;
;PRON;
;N;
;PRON;
;P;
;DET;
;N;
;CONJ;
;DET;
;N;
;P;
(;REL;
;V;
;N;
;PRON;)
;N;
;DET;
(;N;)
;CONJ;
;NEG;
;V;
;P;
;PN;
;CONJ;
;DET;
;N;
;DET;
;ADJ;
;REM;
;N;
;PRON;
;P;
;N;
;N;
;P;
;PRON;
;N;
;REM;
;V;
;PRON;
;N;
;REM;
;V;
;PRON;
;N;
;NEG;
;V;
;PRON;
;P;
;N;
;P;
;REL;
;V;
;PRON;
;REM;
;PN;
;NEG;
;V;
;DET;
(;N;)
;DET;
(;ADJ;)
;CONJ;
;N;
(((;REL;)
;V;
;PRON;
;N;
;PRON;)
;N;
;N;
;PN;)
;CONJ;
;N;
;P;
;N;
;PRON;
;P;
;N;
;N;
;P;
;N;
;V;
;PRON;
;N;
;CAUS;
;V;
;N;
;PRON;
;N;
;REM;
;COND;
;NEG;
;V;
;PRON;
;N;
;RSLT;
;N;
;REM;
;PN;
;P;
;REL;
;V;
;PRON;
;N;
;INTG;
;V;
;N;
;PRON;
;SUB;
;V;
;P;
;PRON;
;N;
;P;
;N;
;CONJ;
;N;
;V;
;P;
;N;
;PRON;
;DET;
;N;
;P;
;PRON;
;P;
;PRON;
;P;
;N;
;DET;
;N;
;CONJ;
;V;
;PRON;
;DET;
;N;
;CONJ;
;P;
;PRON;
;N;
;ADJ;
;REM;
;V;
;PRON;
;N;
;P;
;PRON;
;N;
;REM;
;V;
;P;
;DEM;
;V;
;PN;
;P;
;PRON;
;DET;
;N;
;ACC;
;PRON;
;V;
;PRON;
;VOC;
;N;
((;REL;)
;V;
;PRON;)
;V;
;PRON;
;P;
;N;
;REL;
;V;
;PRON;
;CONJ;
;P;
;REL;
;V;
;PRON;
;P;
;PRON;
;P;
;DET;
;N;
;CONJ;
;PRO;
;V;
;PRON;
;DET;
;N;
;P;
;PRON;
;V;
;PRON;
;CIRC;
;V;
;PRON;
;P;
;N;
;PRON;
;CERT;
;SUB;
;V;
;PRON;
;P;
;PRON;
;REM;
;V;
;PRON;
;ACC;
;PN;
;N;
;ADJ;
;DET;
;PN;
;V;
;PRON;
;DET;
;N;
;CONJ;
;V;
;PRON;
;P;
;DET;
;N;
;CONJ;
;PN;
;V;
;PRON;
;N;
;P;
;PRON;
;CONJ;
;N;
;REM;
;PN;
;N;
;ADJ;
;V;
;DET;
;N;
(;REL;
;V;)
;REM;
((;COND;
;V;)
;DET;
;N;)
;RSLT;
;CERT;
;V;
;N;
;ADJ;
;REM;
;NEG;
;V;
;RES;
((;N;)
;DET;
(;N;))
;REM;
;COND;
;V;
;PRON;
;P;
;N;
;CONJ;
;V;
;PRON;
;P;
;N;
;RSLT;
;ACC;
;PN;
;V;
;PRON;
;REM;
;NEG;
;P;
(;DET;
;N;)
;P;
(;N;)
;COND;
;V;
;PRON;
;DET;
;N;
;RSLT;
;V;
;PRON;
;CONJ;
;COND;
;V;
;PRON;
;PRON;
;CONJ;
;V;
;PRON;
;PRON;
;DET;
(;N;)
;RSLT;
;PRON;
;N;
;P;
;PRON;
;REM;
;V;
;P;
;PRON;
;P;
;N;
;PRON;
;CONJ;
;PN;
;P;
;REL;
;V;
;PRON;
;N;
;V;
;P;
;PRON;
;N;
;PRON;
;REM;
;ACC;
;PN;
;V;
(;REL;
;V;)
;REM;
;COND;
;V;
;PRON;
;P;
;N;
;REM;
;P;
;N;
;PRON;
;REM;
;NEG;
;V;
;PRON;
;RES;
;N;
;N;
;PN;
;REM;
;COND;
;V;
;PRON;
;P;
;N;
;V;
;P;
;PRON;
;CIRC;
;PRON;
;PRO;
;V;
;PRON;
;P;
;DET;
(;N;)
(((;REL;)
;V;
;PRON;)
;P;
;N;
;PN;)
;NEG;
;V;
;PRON;
;N;
;P;
;DET;
;N;
;V;
;PRON;
;DET;
(;N;)
(;N;)
;P;
;DET;
;N;
;V;
;PRON;
;P;
;N;
;PRON;
;NEG;
;V;
;PRON;
;DET;
(;N;)
;N;
;REM;
;COND;
;V;
;PRON;
;P;
;N;
;RSLT;
;ACC;
;PN;
;P;
;PRON;
;N;
((((;REL;)
;V;
;PRON;)
;N;
;PRON;
;P;
;DET;
;N;)
;CONJ;
;DET;
;N;)
;N;
;CONJ;
;N;
;SUP;
;P;
;PRON;
;N;
;PRON;
;LOC;
;N;
;PRON;
;CONJ;
;NEG;
;N;
;P;
;PRON;
;CONJ;
;NEG;
;PRON;
;V;
;PRON;
((;REL;)
;V;
;PRON;
;DET;
;N;)
;NEG;
;V;
;PRON;
;RES;
;P;
;SUB;
;V;
(;REL;
;V;
;PRON;)
;DET;
;PN;
;P;
;DET;
;N;
;DEM;
;P;
;ACC;
;PRON;
;V;
;PRON;
;ACC;
;PREV;
;DET;
;N;
;N;
;DET;
;N;
;REM;
;V;
;PN;
;DET;
;N;
;CONJ;
;V;
;DET;
;N;
;REM;
(;COND;
;V;
;PRON;)
;N;
;P;
;N;
;PRON;
;CONJ;
;V;
;RSLT;
;P;
;PRON;
;REL;
;V;
;CIRC;
;N;
;PRON;
;P;
;PN;
;CONJ;
(;COND;
;V;)
;RSLT;
;DEM;
(;N;
;DET;
;N;
;PRON;)
;P;
;PRON;
;N;
;V;
;PN;
;DET;
;N;
;CONJ;
;V;
;DET;
;N;
;REM;
;PN;
;NEG;
;V;
;N;
;N;
;ADJ;
;ACC;
(((((;REL;)
;V;
;PRON;)
;CONJ;
;V;
;PRON;
;DET;
;N;)
;CONJ;
;V;
;PRON;
;DET;
;N;
;CONJ;
;V;
;PRON;)
;DET;
;N;)
;P;
;PRON;
;N;
;PRON;
;LOC;
;N;
;PRON;
;REM;
;NEG;
;N;
;P;
;PRON;
;REM;
;NEG;
;PRON;
;V;
;PRON;
;VOC;
;N;
((;REL;)
;V;
;PRON;)
;V;
;PRON;
;PN;
;CONJ;
;V;
;PRON;
;REL;
;V;
;P;
;DET;
;N;
;COND;
;V;
;PRON;
(;N;)
;REM;
;COND;
;NEG;
;V;
;PRON;
;RSLT;
;V;
;PRON;
;P;
;N;
;P;
;PN;
;CONJ;
;N;
;PRON;
;CONJ;
;COND;
;V;
;PRON;
;RSLT;
;P;
;PRON;
;N;
;N;
;PRON;
;NEG;
;V;
;PRON;
;CONJ;
;PRO;
;V;
;PRON;
;CONJ;
;COND;
;V;
;N;
;N;
;REM;
;N;
;P;
;N;
;REM;
;SUB;
;V;
;PRON;
;N;
;P;
;PRON;
;COND;
;V;
;PRON;
;V;
;PRON;
;CONJ;
;V;
;PRON;
;N;
;V;
;PRON;
;P;
;PRON;
;P;
;PN;
;CONJ;
;V;
;N;
;N;
;REL;
;V;
;CIRC;
;PRON;
;NEG;
;V;
;PRON;
;VOC;
;N;
((;REL;)
;V;
;PRON;)
;T;
;V;
;PRON;
;P;
;N;
;P;
;N;
;ADJ;
;RSLT;
;V;
;PRON;
;PRON;
;CONJ;
;IMPV;
;V;
;LOC;
;PRON;
;N;
;P;
;DET;
;N;
;CONJ;
;NEG;
;V;
;N;
;SUB;
;V;
;P;
;SUB;
;V;
;PRON;
;PN;
;CONJ;
;IMPV;
;V;
;CONJ;
;IMPV;
;V;
((;REL;)
;P;
;PRON;
;DET;
;N;)
;CONJ;
;IMPV;
;V;
;PN;
;N;
;PRON;
;CONJ;
;PRO;
;V;
;P;
;PRON;
;N;
;REM;
;COND;
;V;
((;REL;)
;P;
;PRON;
;DET;
;N;)
;N;
;CONJ;
;N;
;CONJ;
;NEG;
;V;
;SUB;
;V;
;PRON;
;RSLT;
;IMPV;
;V;
;N;
;PRON;
;P;
;DET;
;N;
;CONJ;
;V;
;PRON;
;N;
;P;
;N;
;PRON;
;REM;
;COND;
;NEG;
;V;
;PRON;
;N;
;REM;
;N;
;CONJ;
;N;
;P;
(;REL;
;V;
;PRON;)
;P;
;DET;
(;N;)
;SUB;
;V;
;N;
;PRON;
;CONJ;
;V;
;N;
;PRON;
;DET;
;N;
;CONJ;
;NEG;
;V;
;DET;
(;N;)
;T;
;SUB;
;V;
;PRON;
;CONJ;
;PRO;
;V;
;PRON;
;SUB;
;V;
;PRON;
;PRON;
;N;
;CONJ;
;N;
;P;
;N;
;PRON;
;DEM;
;N;
;LOC;
;PN;
;CONJ;
;N;
;P;
;DET;
;N;
;CONJ;
;N;
;SUB;
;NEG;
;V;
;PRON;
;EXP;
;SUB;
;V;
;N;
;ADJ;
;V;
;PRON;
;PRON;
;LOC;
;PRON;
;REM;
;V;
;P;
;PRON;
;N;
;SUB;
;NEG;
;V;
;PRON;
;PRON;
;REM;
;V;
;PRON;
;T;
;V;
;PRON;
;REM;
;NEG;
;V;
;N;
;CONJ;
;NEG;
(;N;)
;REM;
;COND;
;V;
;PRON;
;RSLT;
;ACC;
;PRON;
;N;
;P;
;PRON;
;CONJ;
;V;
;PRON;
;PN;
;REM;
;V;
;PRON;
;PN;
;CONJ;
;PN;
;P;
;N;
;N;
;N;
;REM;
;COND;
;V;
;PRON;
;P;
;N;
;CIRC;
;NEG;
;V;
;PRON;
(;N;)
;RSLT;
;N;
;ADJ;
;REM;
;COND;
;V;
;N;
;PRON;
;N;
;RSLT;
;IMPV;
;V;
((;REL;)
;V;)
;N;
;PRON;
;CONJ;
;IMPV;
;V;
;PN;
;N;
;PRON;
;REM;
;PRO;
;V;
;PRON;
;DET;
;N;
;REM;
(;COND;
;V;
;PRON;)
;RSLT;
;ACC;
;PRON;
;N;
;N;
;PRON;
;REM;
;PN;
;P;
;REL;
;V;
;PRON;
;N;
;P;
;PN;
;REL;
;P;
;DET;
;N;
;CONJ;
;REL;
;P;
;DET;
;N;
;REM;
;COND;
;V;
;PRON;
;REL;
;P;
;N;
;PRON;
;CONJ;
;V;
;PRON;
;PRON;
;V;
;PRON;
;P;
;PRON;
;PN;
;REM;
;V;
;P;
(;REL;
;V;)
;CONJ;
;V;
;REL;
;V;
;REM;
;PN;
;P;
;N;
;N;
;N;
;V;
;DET;
(;N;)
;P;
;REL;
;V;
;P;
;PRON;
;P;
;N;
;PRON;
;CONJ;
;DET;
(;N;)
;N;
;V;
;P;
;PN;
;CONJ;
;N;
;PRON;
;CONJ;
;N;
;PRON;
;CONJ;
;N;
;PRON;
;NEG;
;V;
;LOC;
(;N;)
;P;
(;N;
;PRON;)
;REM;
;V;
;PRON;
;V;
;PRON;
;CONJ;
;V;
;PRON;
;N;
;PRON;
;N;
;PRON;
;REM;
;P;
;PRON;
;DET;
;N;
;NEG;
;V;
;PN;
(;N;)
;EXP;
;N;
;PRON;
;P;
;PRON;
;REL;
;V;
;CONJ;
;P;
;PRON;
;REL;
;V;
;N;
;PRON;
;PRO;
;V;
;PRON;
;COND;
;V;
;PRON;
;CONJ;
;V;
;PRON;
;N;
;PRON;
;CONJ;
;PRO;
;V;
;P;
;PRON;
;N;
;P;
;SUB;
;V;
;PRON;
;PRON;
;P;
((;REL;)
;P;
;N;
;PRON;)
;N;
;PRON;
;CONJ;
;PRO;
;V;
;PRON;
;REL;
;NEG;
;N;
;P;
;PRON;
;P;
;PRON;
;CONJ;
;V;
;P;
;PRON;
;CONJ;
;V;
;P;
;PRON;
;CONJ;
;V;
;PRON;
;PRON;
;N;
;PRON;
;CONJ;
;V;
;PRON;
;P;
;DET;
(;N;)
;DET;
(;ADJ;)
;INL;
;PN;
;NEG;
;N;
;EXP;
;PRON;
;DET;
;N;
;DET;
;ADJ;
;V;
;P;
;PRON;
;DET;
;N;
;P;
;DET;
;N;
;N;
;P;
;REL;
;LOC;
;N;
;PRON;
;CONJ;
;V;
;DET;
;PN;
;CONJ;
;DET;
;PN;
;P;
;N;
;N;
;P;
;DET;
(;N;)
;CONJ;
;V;
;DET;
;N;
;ACC;
(;REL;
;V;
;PRON;)
;P;
;N;
;PN;
;P;
;PRON;
;N;
;ADJ;
;REM;
;PN;
;N;
;N;
;N;
;ACC;
;PN;
;NEG;
;V;
;P;
;PRON;
;N;
;P;
;DET;
;N;
;CONJ;
;NEG;
;P;
;DET;
;N;
;PRON;
;REL;
;V;
;PRON;
;P;
;DET;
;N;
;INTG;
;V;
;NEG;
;N;
;EXP;
;PRON;
;DET;
;N;
;DET;
;ADJ;
;PRON;
;REL;
;V;
;P;
;PRON;
;DET;
;N;
;P;
;PRON;
;N;
;ADJ;
;PRON;
;N;
;DET;
;N;
;CONJ;
;N;
;ADJ;
;REM;
;EXL;
(((;COND;)
;P;
;N;
;PRON;)
;N;)
;RSLT;
;V;
;PRON;
;REL;
;V;
;P;
;PRON;
;N;
;DET;
;N;
;CONJ;
;N;
;N;
;PRON;
;REM;
;NEG;
;V;
;N;
;PRON;
;RES;
;PN;
;REM;
;DET;
;N;
;P;
;DET;
;N;
;V;
;PRON;
;V;
;PRON;
;P;
;PRON;
;N;
;P;
;N;
;N;
;PRON;
;REM;
;NEG;
;V;
;RES;
((;N;)
;DET;
(;N;))
;N;
;PRON;
;PRO;
;V;
;N;
;PRON;
;T;
;T;
;V;
;PRON;
;PRON;
;CONJ;
;V;
;P;
;PRON;
;P;
;N;
;PRON;
;N;
;ACC;
;PRON;
;PRON;
;DET;
;N;
;N;
;PRON;
;ACC;
;PRON;
;N;
;DET;
(;N;)
;P;
;N;
;NEG;
;N;
;P;
;PRON;
;ACC;
;PN;
;NEG;
;V;
;DET;
;N;
;ACC;
((;REL;)
;V;
;PRON;)
;NEG;
;V;
;P;
;PRON;
;N;
;PRON;
;CONJ;
;NEG;
(;N;
;PRON;)
;P;
;PN;
;N;
;REM;
;DEM;
;PRON;
;N;
;DET;
;N;
;P;
;N;
((;N;)
;PN;)
;CONJ;
((;REL;)
;P;
;N;
;PRON;)
;V;
;PRON;
;P;
;N;
;PRON;
;CONJ;
;V;
;PRON;
;PN;
;P;
;N;
;PRON;
;REM;
;PN;
;N;
;DET;
;N;
;V;
;P;
((;REL;)
;V;
;PRON;)
;FUT;
;V;
;PRON;
;CONJ;
;V;
;PRON;
;P;
;PN;
;REM;
;V;
;DET;
;N;
;CERT;
;V;
;P;
;PRON;
;N;
;P;
;N;
;V;
;PRON;
;N;
;V;
;P;
;N;
;PN;
;CONJ;
;N;
;ADJ;
;V;
;PRON;
;PRON;
;N;
;PRON;
;N;
;DET;
;N;
;REM;
;PN;
;V;
;P;
;N;
;PRON;
(;REL;
;V;)
;ACC;
;P;
;DEM;
;EMPH;
;N;
;P;
((;N;)
;DET;
;N;)
;V;
;P;
;DET;
;N;
;N;
;DET;
;N;
;P;
;DET;
((;N;)
;CONJ;
;DET;
(;N;))
;CONJ;
;DET;
;N;
;DET;
;ADJ;
;P;
;DET;
;N;
;CONJ;
;DET;
;N;
;CONJ;
;DET;
;N;
;DET;
;ADJ;
;CONJ;
;DET;
;N;
;CONJ;
;DET;
;N;
;DEM;
;N;
;DET;
;N;
;DET;
;ADJ;
;REM;
;PN;
;LOC;
;PRON;
;N;
;DET;
;N;
;V;
;INTG;
;V;
;PRON;
;P;
;N;
;P;
;DEM;
;P;
((;REL;)
;V;
;PRON;)
;LOC;
;N;
;PRON;
;N;
;V;
;P;
;N;
;PRON;
;DET;
;N;
;N;
;P;
;PRON;
;CONJ;
;N;
;ADJ;
;CONJ;
;N;
;P;
;PN;
;REM;
;PN;
;N;
;P;
;DET;
;N;
((;REL;
;V;
;PRON;)
;N;
;PRON;
;ACC;
;PRON;
;V;
;PRON;
;REM;
;V;
;P;
;PRON;
;N;
;PRON;
;CONJ;
;V;
;PRON;
;N;
;DET;
;N;
;DET;
(((((;N;)
;CONJ;
;DET;
(;N;))
;CONJ;
;DET;
(;N;))
;CONJ;
;DET;
(;N;))
;CONJ;
;DET;
(;N;))
;P;
;DET;
;N;
;V;
;PN;
;ACC;
;PRON;
;NEG;
;N;
;EXP;
;PRON;
;CONJ;
;DET;
;N;
;CONJ;
((;N;)
;DET;
;N;)
;N;
;P;
;DET;
;N;
;NEG;
;N;
;EXP;
;PRON;
;DET;
;N;
;DET;
;ADJ;
;ACC;
;DET;
;N;
;LOC;
;PN;
;DET;
;PN;
;REM;
;NEG;
;V;
((;REL;)
;V;
;PRON;
;DET;
;N;)
;RES;
;P;
;N;
;REL;
;V;
;PRON;
;DET;
;N;
;N;
;LOC;
;PRON;
;REM;
(;COND;
;V;)
;P;
;N;
;PN;
;RSLT;
;ACC;
;PN;
;N;
;DET;
;N;
;REM;
;COND;
;V;
;PRON;
;PRON;
;RSLT;
;V;
;V;
;PRON;
;N;
;PRON;
;P;
;PN;
;CONJ;
;REL;
;V;
;PRON;
;CONJ;
;V;
;P;
(((;REL;)
;V;
;PRON;
;DET;
;N;)
;CONJ;
;DET;
(;N;))
;INTG;
;V;
;PRON;
;REM;
;COND;
;V;
;PRON;
;RSLT;
;CERT;
;V;
;PRON;
;CONJ;
;COND;
;V;
;PRON;
;RSLT;
;ACC;
;PREV;
;P;
;PRON;
;DET;
;N;
;REM;
;PN;
;N;
;P;
;DET;
;N;
;ACC;
((;REL;)
;V;
;PRON;)
;P;
;N;
;PN;
;CONJ;
;V;
;PRON;
;DET;
(;N;)
;P;
;N;
;N;
;CONJ;
;V;
;PRON;
((;REL;)
;V;
;PRON;
;P;
;DET;
;N;)
;P;
;DET;
(;N;)
;REM;
;V;
;PRON;
;P;
;N;
;ADJ;
;DEM;
((;REL;)
;V;)
;N;
;PRON;
;P;
;DET;
;N;
;CONJ;
;DET;
;N;
;REM;
;NEG;
;P;
;PRON;
;P;
(;N;)
;INTG;
;NEG;
;V;
;P;
((;REL;)
;V;
;PRON;
;N;
;P;
;DET;
;N;)
;V;
;PRON;
;P;
;N;
;PN;
;PRP;
;V;
;LOC;
;PRON;
;CONJ;
;V;
;N;
;P;
;PRON;
;CIRC;
;PRON;
;N;
;DEM;
;P;
;ACC;
;PRON;
;V;
;PRON;
;NEG;
;V;
;PRON;
;DET;
;N;
;RES;
;T;
;ADJ;
;REM;
;V;
;PRON;
;P;
;N;
;PRON;
;REL;
;V;
;PRON;
;V;
;PRON;
;REM;
;INTG;
;T;
;V;
;PRON;
;PRON;
;P;
;N;
;NEG;
;N;
;P;
;PRON;
;CONJ;
;V;
;N;
;N;
;REL;
;V;
;CIRC;
;PRON;
;NEG;
;V;
;PRON;
;V;
;PN;
;VOC;
;N;
;DET;
;N;
;V;
;DET;
;N;
;REL;
;V;
;CONJ;
;V;
;DET;
;N;
;P;
;REL;
;V;
;CONJ;
;V;
;REL;
;V;
;CONJ;
;V;
;REL;
;V;
;P;
;N;
;PRON;
;DET;
;N;
;ACC;
;PRON;
;P;
;N;
;N;
;N;
;V;
;DET;
;N;
;P;
;DET;
;N;
;CONJ;
;V;
;DET;
;N;
;P;
;DET;
;N;
;CONJ;
;V;
;DET;
;N;
;P;
;DET;
;N;
;CONJ;
;V;
;DET;
;N;
;P;
;DET;
;N;
;CONJ;
;V;
;REL;
;V;
;P;
;N;
;N;
;PRO;
;V;
;DET;
(;N;)
;DET;
(;N;)
;N;
;P;
;N;
;DET;
;N;
;REM;
;COND;
;V;
;DEM;
;RSLT;
;V;
;P;
;PN;
;P;
;N;
;RES;
;SUB;
;V;
;PRON;
;P;
;PRON;
;N;
;REM;
;V;
;PRON;
;PN;
;N;
;PRON;
;REM;
;P;
;PN;
;DET;
;N;
;V;
;COND;
;V;
;PRON;
;REL;
;P;
;N;
;PRON;
;CONJ;
;V;
;PRON;
;PRON;
;V;
;PRON;
;PN;
;REM;
;V;
;REL;
;P;
;DET;
;N;
;CONJ;
;REL;
;P;
;DET;
;N;
;REM;
;PN;
;P;
;N;
;N;
;N;
;T;
;V;
;N;
;N;
;REL;
;V;
;P;
;N;
;N;
;CONJ;
;REL;
;V;
;P;
;N;
;V;
;SUB;
;ACC;
;LOC;
;PRON;
;CONJ;
;LOC;
;PRON;
;N;
;ADJ;
;REM;
;V;
;PRON;
;PN;
;N;
;PRON;
;REM;
;PN;
;N;
;P;
;DET;
;N;
;V;
;COND;
;V;
;PRON;
;V;
;PRON;
;PN;
;RSLT;
;V;
;PRON;
;PRON;
;V;
;PRON;
;PN;
;CONJ;
;V;
;P;
;PRON;
;N;
;PRON;
;REM;
;PN;
;N;
;ADJ;
;V;
;V;
;PRON;
;PN;
;CONJ;
;DET;
;N;
;REM;
;COND;
;V;
;PRON;
;RSLT;
;ACC;
;PN;
;NEG;
;V;
;DET;
(;N;)
;ACC;
;PN;
;V;
((((;PN;)
;CONJ;
(;PN;))
;CONJ;
;N;
(;PN;))
;CONJ;
;N;
(;PN;))
;P;
;DET;
;N;
;N;
;N;
;PRON;
;P;
;N;
;REM;
;PN;
;N;
;ADJ;
;T;
;V;
(;N;
;PN;)
;N;
;PRON;
;ACC;
;PRON;
;V;
;PRON;
;P;
;PRON;
;REL;
;P;
;N;
;PRON;
;N;
;REM;
;V;
;P;
;PRON;
;ACC;
;PRON;
;PRON;
;DET;
;N;
;DET;
;ADJ;
;REM;
;T;
;V;
;PRON;
;V;
;N;
;PRON;
;ACC;
;PRON;
;V;
;PRON;
;PRON;
(;N;)
;REM;
;PN;
;N;
;P;
;REL;
;V;
;REM;
;V;
;DET;
;N;
;P;
;DET;
(;N;)
;CONJ;
;ACC;
;PRON;
;V;
;PRON;
;PRON;
(;PN;)
;CONJ;
;ACC;
;PRON;
;V;
;PRON;
;P;
;PRON;
;CONJ;
;N;
;PRON;
;P;
;DET;
;PN;
;DET;
;ADJ;
;REM;
;V;
;PRON;
;N;
;PRON;
;P;
;N;
;ADJ;
;CONJ;
;V;
;PRON;
;N;
;ADJ;
;CONJ;
;V;
;PRON;
(;PN;)
;T;
;V;
;P;
;PRON;
(;PN;)
;DET;
;N;
;V;
;LOC;
;PRON;
;N;
;V;
;VOC;
(;PN;)
;INTG;
;P;
;PRON;
;DEM;
;V;
;PRON;
;P;
;N;
;PN;
;ACC;
;PN;
;V;
;REL;
;V;
;P;
;N;
;N;
;T;
;V;
(;PN;)
;N;
;PRON;
;V;
;N;
;PRON;
;V;
;P;
;PRON;
;P;
;N;
;PRON;
;N;
;ADJ;
;ACC;
;PRON;
;N;
;DET;
;N;
;REM;
;V;
;PRON;
;DET;
;N;
;CIRC;
;PRON;
;N;
;V;
;P;
;DET;
;N;
;ACC;
;PN;
;V;
;PRON;
;P;
(;PN;)
;N;
;P;
;N;
;P;
;PN;
;CONJ;
;N;
;CONJ;
;N;
;CONJ;
;N;
;P;
;DET;
(;N;)
;V;
;N;
;PRON;
;INTG;
;V;
;P;
;PRON;
(;N;)
;CIRC;
;CERT;
;V;
;PRON;
;DET;
;N;
;CONJ;
;N;
;PRON;
;N;
;V;
;P;
;DEM;
;PN;
;V;
;REL;
;V;
;V;
;N;
;PRON;
;V;
;P;
;PRON;
;N;
;V;
;N;
;PRON;
;SUB;
;NEG;
;V;
;DET;
;N;
;T;
;N;
;EXP;
;N;
;CONJ;
;V;
;N;
;PRON;
;ADJ;
;CONJ;
;V;
;P;
;DET;
;N;
;CONJ;
;DET;
;N;
;CONJ;
;T;
;V;
;DET;
;N;
;VOC;
(;PN;)
;ACC;
;PN;
;V;
;PRON;
;CONJ;
;V;
;PRON;
;CONJ;
;V;
;PRON;
;P;
(;N;)
;DET;
;N;
;VOC;
(;PN;)
;V;
;PRON;
;P;
;N;
;PRON;
;CONJ;
;V;
;PRON;
;CONJ;
;V;
;PRON;
;LOC;
;DET;
(;N;)
;DEM;
;P;
;N;
;DET;
;N;
;V;
;PRON;
;P;
;PRON;
;REM;
;NEG;
;V;
;PRON;
;LOC;
;PRON;
;T;
;V;
;PRON;
(;N;
;PRON;)
;INTG;
;PRON;
;V;
(;PN;)
;CONJ;
;NEG;
;V;
;PRON;
;LOC;
;PRON;
;T;
;V;
;PRON;
;T;
;V;
;DET;
;N;
;VOC;
(;PN;)
;ACC;
;PN;
;V;
;PRON;
;P;
;N;
;P;
;PRON;
;N;
;PRON;
;DET;
;PN;
(;PN;)
;N;
(;PN;)
;N;
;P;
;DET;
;N;
;CONJ;
;DET;
;N;
;CONJ;
;P;
;DET;
(;N;)
;CONJ;
;V;
;DET;
(;N;)
;P;
;DET;
;N;
;CONJ;
;N;
;CONJ;
;P;
;DET;
(;N;)
;V;
;N;
;PRON;
;INTG;
;V;
;P;
;PRON;
(;N;)
;CIRC;
;NEG;
;V;
;PRON;
(;N;)
;V;
;P;
;DEM;
;PN;
;V;
;REL;
;V;
;T;
;V;
;N;
;RSLT;
;ACC;
;PREV;
;V;
;P;
;PRON;
;V;
;CONJ;
;V;
;REM;
;V;
;PRON;
;DET;
;N;
;CONJ;
;DET;
;N;
;CONJ;
;DET;
;PN;
;CONJ;
;DET;
;PN;
;CONJ;
;N;
;P;
;N;
;PN;
;ACC;
;PRON;
;CERT;
;V;
;PRON;
;PRON;
;P;
;N;
;P;
;N;
;PRON;
;ACC;
;PRON;
;V;
;P;
;PRON;
;P;
;DET;
;N;
;P;
;N;
;DET;
;N;
;CONJ;
;V;
;P;
;PRON;
;CONJ;
;V;
;N;
;P;
;N;
;PN;
;CONJ;
;V;
;DET;
(;N;)
;CONJ;
;DET;
;N;
;CONJ;
;V;
;DET;
(;N;)
;P;
;N;
;PN;
;CONJ;
;V;
;PRON;
;P;
;REL;
;V;
;PRON;
;CONJ;
;REL;
;V;
;PRON;
;P;
;N;
;PRON;
;ACC;
;P;
;DEM;
;EMPH;
;N;
;P;
;PRON;
;COND;
;V;
;PRON;
(;N;)
;CONJ;
;N;
;P;
;REL;
;LOC;
;N;
;PRON;
;P;
;DET;
;PN;
;CONJ;
;PRP;
;V;
;P;
;PRON;
;N;
;REL;
;V;
;P;
;PRON;
;REM;
;V;
;PRON;
;PRON;
;P;
;N;
;P;
;N;
;PRON;
;REM;
;V;
;PRON;
;PN;
;CONJ;
;V;
;PRON;
;PRON;
;ACC;
;PN;
;N;
;PRON;
;CONJ;
;N;
;PRON;
;REM;
;V;
;PRON;
;PRON;
;DEM;
;N;
;ADJ;
;REM;
;T;
;V;
;PN;
;P;
;PRON;
;DET;
;N;
;V;
;INTG;
;N;
;PRON;
;P;
;PN;
;V;
;DET;
(;N;)
;PRON;
;N;
;PN;
;V;
;PRON;
;P;
;PN;
;REM;
;V;
;P;
;ACC;
;PRON;
(;N;)
;N;
;PRON;
;V;
;PRON;
;P;
;REL;
;V;
;PRON;
;CONJ;
;V;
;PRON;
;DET;
(;N;)
;REM;
;V;
;PRON;
;LOC;
;DET;
(;N;)
;REM;
;V;
;PRON;
;CONJ;
;V;
;PN;
;REM;
;PN;
;N;
;DET;
;N;
;T;
;V;
;PN;
;VOC;
;PN;
;ACC;
;PRON;
;N;
;PRON;
;CONJ;
;N;
;PRON;
;P;
;PRON;
;CONJ;
;N;
;PRON;
;P;
((;REL;)
;V;
;PRON;)
;CONJ;
;N;
((((;REL;)
;V;
;PRON;
;PRON;)
;LOC;
((;REL;)
;V;
;PRON;))
;P;
;N;
;DET;
;N;)
;CONJ;
;P;
;PRON;
;N;
;PRON;
;CONJ;
;V;
;LOC;
;PRON;
;P;
;REL;
;V;
;PRON;
;P;
;PRON;
;V;
;PRON;
;REM;
;EXL;
((;COND;)
;V;
;PRON;)
;RSLT;
;V;
;PRON;
;N;
;ADJ;
;P;
;DET;
;N;
;CONJ;
;DET;
;N;
;REM;
;NEG;
;P;
;PRON;
;P;
;N;
;CONJ;
;EXL;
(((;COND;)
;V;
;PRON;)
;CONJ;
;V;
;PRON;
;DET;
;N;)
;RSLT;
;V;
;PRON;
;N;
;PRON;
;REM;
;PN;
;NEG;
;V;
;DET;
(;N;)
;DEM;
;V;
;PRON;
;P;
;PRON;
;P;
;DET;
;N;
;CONJ;
;DET;
;N;
;DET;
;ADJ;
;ACC;
;N;
;PN;
;LOC;
;PN;
;P;
;N;
;PN;
;V;
;PRON;
;P;
;N;
;CONJ;
;V;
;P;
;PRON;
;V;
;REM;
;V;
;DET;
;N;
;P;
;N;
;PRON;
;REM;
;PRO;
;V;
;P;
;DET;
(;N;)
;REM;
;COND;
;V;
;PRON;
;P;
;PRON;
;P;
;N;
;REL;
;V;
;PRON;
;P;
;DET;
;N;
;RSLT;
;V;
;V;
;PRON;
;V;
((((((;N;)
;PRON;
;CONJ;
(;N;
;PRON;))
;CONJ;
(;N;
;PRON;))
;CONJ;
(;N;
;PRON;))
;CONJ;
(;N;
;PRON;))
;CONJ;
(;N;
;PRON;))
;CONJ;
;V;
;CONJ;
;V;
;N;
;PN;
;P;
;DET;
(;N;)
;ACC;
;DEM;
;EMPH;
;PRON;
;DET;
;N;
;DET;
;ADJ;
;REM;
;NEG;
;P;
;N;
;RES;
;PN;
;REM;
;ACC;
;PN;
;EMPH;
;PRON;
;DET;
;N;
;DET;
;ADJ;
;REM;
;COND;
;V;
;PRON;
;RSLT;
;ACC;
;PN;
;N;
;P;
;DET;
(;N;)
;V;
;VOC;
;N;
;DET;
;N;
;V;
;PRON;
;P;
;N;
;ADJ;
;LOC;
;PRON;
;CONJ;
;LOC;
;PRON;
;SUB;
;NEG;
;V;
;RES;
;PN;
;CONJ;
;NEG;
;V;
;P;
;PRON;
;N;
;CONJ;
;NEG;
;V;
;N;
;PRON;
;N;
;N;
;P;
;N;
;PN;
;REM;
;COND;
;V;
;PRON;
;RSLT;
;V;
;PRON;
;V;
;PRON;
;P;
;ACC;
;PRON;
(;N;)
;VOC;
;N;
;DET;
;N;
;P;
;INTG;
;V;
;PRON;
;P;
(;PN;)
;CIRC;
;NEG;
;V;
;DET;
;PN;
;CONJ;
;DET;
;PN;
;RES;
;P;
;N;
;PRON;
;INTG;
;SUP;
;NEG;
;V;
;PRON;
;VOC;
;PRON;
;DEM;
;V;
;PRON;
;P;
;REL;
;P;
;PRON;
;P;
;PRON;
;N;
;REM;
;P;
;INTG;
;V;
;PRON;
;P;
;REL;
;V;
;P;
;PRON;
;P;
;PRON;
;N;
;REM;
;PN;
;V;
;CONJ;
;PRON;
;NEG;
;V;
;PRON;
;NEG;
;V;
(;PN;)
(;PN;)
;CONJ;
;NEG;
(;PN;)
;SUP;
;AMD;
;V;
;N;
(;ADJ;)
;CONJ;
;NEG;
;V;
;P;
;DET;
(;N;)
;ACC;
;N;
;DET;
(;N;)
;P;
(;PN;)
;EMPH;
((;REL;)
;V;
;PRON;
;PRON;)
;CONJ;
;DEM;
;DET;
(;N;)
;CONJ;
((;REL;)
;V;)
;PRON;
;REM;
;PN;
;N;
;DET;
(;N;)
;V;
;N;
;P;
;N;
;DET;
;N;
;SUB;
;V;
;PRON;
;PRON;
;REM;
;NEG;
;V;
;PRON;
;RES;
;N;
;PRON;
;CIRC;
;NEG;
;V;
;PRON;
;VOC;
;N;
;DET;
;N;
;P;
;INTG;
;V;
;PRON;
;P;
;N;
;PN;
;CIRC;
;PRON;
;V;
;PRON;
;VOC;
;N;
;DET;
;N;
;P;
;INTG;
;V;
;PRON;
;DET;
;N;
;P;
;DET;
;N;
;CONJ;
;V;
;PRON;
;DET;
;N;
;CIRC;
;PRON;
;V;
;PRON;
;REM;
;V;
(;N;
;P;
(;N;
;DET;
;N;))
;V;
;PRON;
;P;
;REL;
;V;
;P;
((;REL;)
;V;)
;PRON;
;T;
;DET;
;N;
;CONJ;
;V;
;PRON;
;T;
;PRON;
;ACC;
;PRON;
;V;
;PRON;
;CONJ;
;PRO;
;V;
;PRON;
;EXP;
;P;
(;REL;
;V;
;N;
;PRON;)
;V;
;ACC;
;DET;
;N;
;N;
;PN;
;SUB;
;V;
;N;
;N;
;REL;
;V;
;PRON;
;CONJ;
;V;
;PRON;
;PRON;
;LOC;
;N;
;PRON;
;V;
;ACC;
;DET;
;N;
;P;
;N;
;PN;
;V;
;PRON;
;REL;
;V;
;REM;
;PN;
;N;
;ADJ;
;V;
;P;
;N;
;PRON;
(;REL;
;V;)
;REM;
;PN;
;N;
;DET;
;N;
;DET;
;ADJ;
;REM;
;P;
(;N;
;DET;
;N;)
(;REL;
;COND;
;V;
;PRON;
;P;
;N;)
;V;
;PRON;
;P;
;PRON;
;CONJ;
;P;
;PRON;
(;REL;
;COND;
;V;
;PRON;
;P;
;N;)
;NEG;
;V;
;PRON;
;P;
;PRON;
;RES;
;SUB;
;V;
;PRON;
;P;
;PRON;
;N;
;DEM;
;P;
;ACC;
;PRON;
;V;
;PRON;
;V;
;P;
;PRON;
;P;
;DET;
(;N;)
;N;
;REM;
;V;
;PRON;
;P;
;PN;
;DET;
;N;
;CIRC;
;PRON;
;V;
;PRON;
;ANS;
;COND;
;V;
;P;
;N;
;PRON;
;CONJ;
;V;
;RSLT;
;ACC;
;PN;
;V;
;DET;
(;N;)
;ACC;
(((;REL;)
;V;
;PRON;)
;P;
;N;
;PN;)
;CONJ;
;N;
;PRON;
;N;
;ADJ;
;DEM;
;NEG;
;N;
;P;
;PRON;
;P;
;DET;
;N;
;CONJ;
;NEG;
;V;
;PRON;
;PN;
;CONJ;
;NEG;
;V;
;P;
;PRON;
;T;
;DET;
;N;
;CONJ;
;NEG;
;V;
;PRON;
;CONJ;
;P;
;PRON;
;N;
;ADJ;
;REM;
;ACC;
;P;
;PRON;
;EMPH;
(((;N;)
;V;
;PRON;
;N;
;PRON;)
;P;
;DET;
;N;)
;PRP;
;V;
;PRON;
;PRON;
;P;
;DET;
;N;
;REM;
;NEG;
;PRON;
;P;
;DET;
;N;
;CONJ;
;V;
;PRON;
;PRON;
;P;
;N;
;PN;
;REM;
;NEG;
;PRON;
;P;
;N;
;PN;
;CONJ;
;V;
;PRON;
;P;
;PN;
;DET;
;N;
;CIRC;
;PRON;
;V;
;PRON;
;NEG;
;V;
;P;
;N;
;SUB;
;V;
;PRON;
;PN;
;DET;
;N;
;CONJ;
;DET;
;N;
;CONJ;
;DET;
;N;
;CONJ;
;V;
;P;
;DET;
(;N;)
;V;
;PRON;
;N;
;P;
;PRON;
;P;
;N;
;PN;
;REM;
;AMD;
;V;
;PRON;
(;N;)
;P;
;SUB;
;V;
;PRON;
;V;
;PRON;
;DET;
;N;
;CONJ;
;P;
;SUB;
;V;
;PRON;
;V;
;PRON;
;CONJ;
;NEG;
;V;
;PRON;
;SUB;
;V;
;PRON;
;DET;
;N;
;CONJ;
;DET;
(;N;)
;N;
;INTG;
;V;
;PRON;
;P;
;DET;
;N;
;T;
;T;
;PRON;
;N;
;CONJ;
;T;
;V;
;PN;
;N;
;DET;
(;N;)
;EMPH;
;REL;
;V;
;PRON;
;PRON;
;P;
;N;
;CONJ;
;N;
;CONJ;
;V;
;PRON;
(;N;)
;ADJ;
;P;
;REL;
;LOC;
;PRON;
;EMPH;
;V;
;EMPH;
;P;
;PRON;
;CONJ;
;EMPH;
;V;
;EMPH;
;PRON;
;V;
;INTG;
;V;
;PRON;
;CONJ;
;V;
;PRON;
;P;
;DEM;
;N;
;PRON;
;V;
;PRON;
;V;
;PRON;
;V;
;REM;
;V;
;PRON;
;REM;
;PRON;
;LOC;
;PRON;
;P;
;DET;
;N;
;REM;
;COND;
;V;
;T;
;DEM;
;RSLT;
;DEM;
;PRON;
;DET;
(;N;)
;INTG;
;SUP;
;N;
;N;
;PN;
;V;
;PRON;
;CIRC;
;P;
;PRON;
;V;
;REL;
;P;
;DET;
;N;
;CONJ;
;DET;
;N;
;N;
;CONJ;
;N;
;CIRC;
;P;
;PRON;
;V;
;PRON;
;V;
;V;
;PRON;
;P;
;PN;
;CONJ;
;REL;
;V;
;P;
;PRON;
;CONJ;
;REL;
;V;
;P;
(((((((((;PN;)
;CONJ;
(;PN;))
;CONJ;
(;PN;))
;CONJ;
(;PN;))
;CONJ;
;DET;
(;N;))
;CONJ;
;REL;
;V;
(;PN;))
;CONJ;
(;PN;))
;CONJ;
(;DET;
;N;))
;P;
;N;
;PRON;)
;NEG;
;V;
;LOC;
;N;
;P;
;PRON;
;REM;
;PRON;
;P;
;PRON;
(;N;)
;REM;
;COND;
;V;
;N;
;DET;
;PN;
;N;
;RSLT;
;NEG;
;V;
;P;
;PRON;
;REM;
;PRON;
;P;
;DET;
;N;
;P;
;DET;
(;N;)
;INTG;
;V;
;PN;
;N;
;V;
;PRON;
;T;
;N;
;PRON;
;CONJ;
;V;
;PRON;
;ACC;
;DET;
;N;
;N;
;CONJ;
;V;
;PRON;
;DET;
;N;
;REM;
;PN;
;NEG;
;V;
;DET;
;N;
;DET;
(;ADJ;)
;DEM;
;N;
;PRON;
;ACC;
;P;
;PRON;
;N;
;PN;
;CONJ;
;DET;
;N;
;CONJ;
;DET;
(;N;)
;N;
;N;
;P;
;PRON;
;NEG;
;V;
;P;
;PRON;
;DET;
;N;
;CONJ;
;NEG;
;PRON;
;V;
;PRON;
;EXP;
(((;REL;)
;V;
;PRON;)
;P;
;N;
;DEM;)
;CONJ;
;V;
;PRON;
;REM;
;ACC;
;PN;
;N;
;ADJ;
;ACC;
((;REL;)
;V;
;PRON;)
;T;
;N;
;PRON;
;CONJ;
;V;
;PRON;
;N;
;NEG;
;V;
;N;
;PRON;
;REM;
;DEM;
;PRON;
;DET;
(;N;)
;ACC;
((((;REL;)
;V;
;PRON;)
;CONJ;
;V;
;PRON;)
;CIRC;
;PRON;
;N;)
;REM;
;NEG;
;V;
;P;
(;N;
;PRON;)
;N;
;DET;
;N;
;N;
;CIRC;
;COND;
;V;
;P;
;PRON;
;DEM;
;P;
;PRON;
;N;
;ADJ;
;CONJ;
;NEG;
;P;
;PRON;
;P;
;N;